mode,n,seed,shuffle_labels,shuffle_queries,solver_rc,timed_out,val_ok,sec,rss_kb,case_dir
comb_core,128,1,0,0,0,0,1,0.097121,1888,/Users/free_1/Library/Mobile Documents/iCloud~md~obsidian/Documents/cpp-checker/_verify_cross/hunt_smoke/runs/comb_core/n128/seed1_L0_Q0
comb_core,128,1,0,1,0,0,1,0.012578,1888,/Users/free_1/Library/Mobile Documents/iCloud~md~obsidian/Documents/cpp-checker/_verify_cross/hunt_smoke/runs/comb_core/n128/seed1_L0_Q1
comb_core,128,1,1,0,0,0,1,0.012546,1888,/Users/free_1/Library/Mobile Documents/iCloud~md~obsidian/Documents/cpp-checker/_verify_cross/hunt_smoke/runs/comb_core/n128/seed1_L1_Q0
comb_core,128,1,1,1,0,0,1,0.012362,1904,/Users/free_1/Library/Mobile Documents/iCloud~md~obsidian/Documents/cpp-checker/_verify_cross/hunt_smoke/runs/comb_core/n128/seed1_L1_Q1
comb_core,256,1,0,0,0,0,1,0.012556,1920,/Users/free_1/Library/Mobile Documents/iCloud~md~obsidian/Documents/cpp-checker/_verify_cross/hunt_smoke/runs/comb_core/n256/seed1_L0_Q0
comb_core,256,1,0,1,0,0,1,0.010890,1920,/Users/free_1/Library/Mobile Documents/iCloud~md~obsidian/Documents/cpp-checker/_verify_cross/hunt_smoke/runs/comb_core/n256/seed1_L0_Q1
comb_core,256,1,1,0,0,0,1,0.012550,1920,/Users/free_1/Library/Mobile Documents/iCloud~md~obsidian/Documents/cpp-checker/_verify_cross/hunt_smoke/runs/comb_core/n256/seed1_L1_Q0
comb_core,256,1,1,1,0,0,1,0.011053,1920,/Users/free_1/Library/Mobile Documents/iCloud~md~obsidian/Documents/cpp-checker/_verify_cross/hunt_smoke/runs/comb_core/n256/seed1_L1_Q1
comb_plus_unary,128,1,0,0,0,0,1,0.012578,1936,/Users/free_1/Library/Mobile Documents/iCloud~md~obsidian/Documents/cpp-checker/_verify_cross/hunt_smoke/runs/comb_plus_unary/n128/seed1_L0_Q0
comb_plus_unary,128,1,0,1,0,0,1,0.012562,1936,/Users/free_1/Library/Mobile Documents/iCloud~md~obsidian/Documents/cpp-checker/_verify_cross/hunt_smoke/runs/comb_plus_unary/n128/seed1_L0_Q1
comb_plus_unary,128,1,1,0,0,0,1,0.010933,1936,/Users/free_1/Library/Mobile Documents/iCloud~md~obsidian/Documents/cpp-checker/_verify_cross/hunt_smoke/runs/comb_plus_unary/n128/seed1_L1_Q0
comb_plus_unary,128,1,1,1,0,0,1,0.012582,1936,/Users/free_1/Library/Mobile Documents/iCloud~md~obsidian/Documents/cpp-checker/_verify_cross/hunt_smoke/runs/comb_plus_unary/n128/seed1_L1_Q1
comb_plus_unary,256,1,0,0,0,0,1,0.011494,1952,/Users/free_1/Library/Mobile Documents/iCloud~md~obsidian/Documents/cpp-checker/_verify_cross/hunt_smoke/runs/comb_plus_unary/n256/seed1_L0_Q0
comb_plus_unary,256,1,0,1,0,0,1,0.025316,1952,/Users/free_1/Library/Mobile Documents/iCloud~md~obsidian/Documents/cpp-checker/_verify_cross/hunt_smoke/runs/comb_plus_unary/n256/seed1_L0_Q1
comb_plus_unary,256,1,1,0,0,0,1,0.012216,1952,/Users/free_1/Library/Mobile Documents/iCloud~md~obsidian/Documents/cpp-checker/_verify_cross/hunt_smoke/runs/comb_plus_unary/n256/seed1_L1_Q0
comb_plus_unary,256,1,1,1,0,0,1,0.011491,1952,/Users/free_1/Library/Mobile Documents/iCloud~md~obsidian/Documents/cpp-checker/_verify_cross/hunt_smoke/runs/comb_plus_unary/n256/seed1_L1_Q1
comb_dense,128,1,0,0,0,0,1,0.011402,2176,/Users/free_1/Library/Mobile Documents/iCloud~md~obsidian/Documents/cpp-checker/_verify_cross/hunt_smoke/runs/comb_dense/n128/seed1_L0_Q0
comb_dense,128,1,0,1,0,0,1,0.012588,2176,/Users/free_1/Library/Mobile Documents/iCloud~md~obsidian/Documents/cpp-checker/_verify_cross/hunt_smoke/runs/comb_dense/n128/seed1_L0_Q1
comb_dense,128,1,1,0,0,0,1,0.012556,2176,/Users/free_1/Library/Mobile Documents/iCloud~md~obsidian/Documents/cpp-checker/_verify_cross/hunt_smoke/runs/comb_dense/n128/seed1_L1_Q0
comb_dense,128,1,1,1,0,0,1,0.010980,2176,/Users/free_1/Library/Mobile Documents/iCloud~md~obsidian/Documents/cpp-checker/_verify_cross/hunt_smoke/runs/comb_dense/n128/seed1_L1_Q1
comb_dense,256,1,0,0,0,0,1,0.023705,2592,/Users/free_1/Library/Mobile Documents/iCloud~md~obsidian/Documents/cpp-checker/_verify_cross/hunt_smoke/runs/comb_dense/n256/seed1_L0_Q0
comb_dense,256,1,0,1,0,0,1,0.025070,2592,/Users/free_1/Library/Mobile Documents/iCloud~md~obsidian/Documents/cpp-checker/_verify_cross/hunt_smoke/runs/comb_dense/n256/seed1_L0_Q1
comb_dense,256,1,1,0,0,0,1,0.025115,2592,/Users/free_1/Library/Mobile Documents/iCloud~md~obsidian/Documents/cpp-checker/_verify_cross/hunt_smoke/runs/comb_dense/n256/seed1_L1_Q0
comb_dense,256,1,1,1,0,0,1,0.022534,2592,/Users/free_1/Library/Mobile Documents/iCloud~md~obsidian/Documents/cpp-checker/_verify_cross/hunt_smoke/runs/comb_dense/n256/seed1_L1_Q1
comb_rect_dense,128,1,0,0,0,0,1,0.012557,2176,/Users/free_1/Library/Mobile Documents/iCloud~md~obsidian/Documents/cpp-checker/_verify_cross/hunt_smoke/runs/comb_rect_dense/n128/seed1_L0_Q0
comb_rect_dense,128,1,0,1,0,0,1,0.010618,2176,/Users/free_1/Library/Mobile Documents/iCloud~md~obsidian/Documents/cpp-checker/_verify_cross/hunt_smoke/runs/comb_rect_dense/n128/seed1_L0_Q1
comb_rect_dense,128,1,1,0,0,0,1,0.010982,2176,/Users/free_1/Library/Mobile Documents/iCloud~md~obsidian/Documents/cpp-checker/_verify_cross/hunt_smoke/runs/comb_rect_dense/n128/seed1_L1_Q0
comb_rect_dense,128,1,1,1,0,0,1,0.011221,2176,/Users/free_1/Library/Mobile Documents/iCloud~md~obsidian/Documents/cpp-checker/_verify_cross/hunt_smoke/runs/comb_rect_dense/n128/seed1_L1_Q1
comb_rect_dense,256,1,0,0,0,0,1,0.023191,2624,/Users/free_1/Library/Mobile Documents/iCloud~md~obsidian/Documents/cpp-checker/_verify_cross/hunt_smoke/runs/comb_rect_dense/n256/seed1_L0_Q0
comb_rect_dense,256,1,0,1,0,0,1,0.024047,2624,/Users/free_1/Library/Mobile Documents/iCloud~md~obsidian/Documents/cpp-checker/_verify_cross/hunt_smoke/runs/comb_rect_dense/n256/seed1_L0_Q1
comb_rect_dense,256,1,1,0,0,0,1,0.022739,2624,/Users/free_1/Library/Mobile Documents/iCloud~md~obsidian/Documents/cpp-checker/_verify_cross/hunt_smoke/runs/comb_rect_dense/n256/seed1_L1_Q0
comb_rect_dense,256,1,1,1,0,0,1,0.024848,2624,/Users/free_1/Library/Mobile Documents/iCloud~md~obsidian/Documents/cpp-checker/_verify_cross/hunt_smoke/runs/comb_rect_dense/n256/seed1_L1_Q1
multi_comb_core,128,1,0,0,0,0,1,0.011848,1904,/Users/free_1/Library/Mobile Documents/iCloud~md~obsidian/Documents/cpp-checker/_verify_cross/hunt_smoke/runs/multi_comb_core/n128/seed1_L0_Q0
multi_comb_core,128,1,0,1,0,0,1,0.011897,1904,/Users/free_1/Library/Mobile Documents/iCloud~md~obsidian/Documents/cpp-checker/_verify_cross/hunt_smoke/runs/multi_comb_core/n128/seed1_L0_Q1
multi_comb_core,128,1,1,0,0,0,1,0.012195,1904,/Users/free_1/Library/Mobile Documents/iCloud~md~obsidian/Documents/cpp-checker/_verify_cross/hunt_smoke/runs/multi_comb_core/n128/seed1_L1_Q0
multi_comb_core,128,1,1,1,0,0,1,0.012551,1904,/Users/free_1/Library/Mobile Documents/iCloud~md~obsidian/Documents/cpp-checker/_verify_cross/hunt_smoke/runs/multi_comb_core/n128/seed1_L1_Q1
multi_comb_core,256,1,0,0,0,0,1,0.012562,1920,/Users/free_1/Library/Mobile Documents/iCloud~md~obsidian/Documents/cpp-checker/_verify_cross/hunt_smoke/runs/multi_comb_core/n256/seed1_L0_Q0
multi_comb_core,256,1,0,1,0,0,1,0.012559,1920,/Users/free_1/Library/Mobile Documents/iCloud~md~obsidian/Documents/cpp-checker/_verify_cross/hunt_smoke/runs/multi_comb_core/n256/seed1_L0_Q1
multi_comb_core,256,1,1,0,0,0,1,0.012552,1920,/Users/free_1/Library/Mobile Documents/iCloud~md~obsidian/Documents/cpp-checker/_verify_cross/hunt_smoke/runs/multi_comb_core/n256/seed1_L1_Q0
multi_comb_core,256,1,1,1,0,0,1,0.012548,1920,/Users/free_1/Library/Mobile Documents/iCloud~md~obsidian/Documents/cpp-checker/_verify_cross/hunt_smoke/runs/multi_comb_core/n256/seed1_L1_Q1
multi_comb_rect,128,1,0,0,0,0,1,0.012540,2128,/Users/free_1/Library/Mobile Documents/iCloud~md~obsidian/Documents/cpp-checker/_verify_cross/hunt_smoke/runs/multi_comb_rect/n128/seed1_L0_Q0
multi_comb_rect,128,1,0,1,0,0,1,0.013752,2128,/Users/free_1/Library/Mobile Documents/iCloud~md~obsidian/Documents/cpp-checker/_verify_cross/hunt_smoke/runs/multi_comb_rect/n128/seed1_L0_Q1
multi_comb_rect,128,1,1,0,0,0,1,0.012590,2128,/Users/free_1/Library/Mobile Documents/iCloud~md~obsidian/Documents/cpp-checker/_verify_cross/hunt_smoke/runs/multi_comb_rect/n128/seed1_L1_Q0
multi_comb_rect,128,1,1,1,0,0,1,0.012920,2128,/Users/free_1/Library/Mobile Documents/iCloud~md~obsidian/Documents/cpp-checker/_verify_cross/hunt_smoke/runs/multi_comb_rect/n128/seed1_L1_Q1
multi_comb_rect,256,1,0,0,0,0,1,0.012563,2464,/Users/free_1/Library/Mobile Documents/iCloud~md~obsidian/Documents/cpp-checker/_verify_cross/hunt_smoke/runs/multi_comb_rect/n256/seed1_L0_Q0
multi_comb_rect,256,1,0,1,0,0,1,0.012615,2464,/Users/free_1/Library/Mobile Documents/iCloud~md~obsidian/Documents/cpp-checker/_verify_cross/hunt_smoke/runs/multi_comb_rect/n256/seed1_L0_Q1
multi_comb_rect,256,1,1,0,0,0,1,0.013337,2464,/Users/free_1/Library/Mobile Documents/iCloud~md~obsidian/Documents/cpp-checker/_verify_cross/hunt_smoke/runs/multi_comb_rect/n256/seed1_L1_Q0
multi_comb_rect,256,1,1,1,0,0,1,0.011688,2464,/Users/free_1/Library/Mobile Documents/iCloud~md~obsidian/Documents/cpp-checker/_verify_cross/hunt_smoke/runs/multi_comb_rect/n256/seed1_L1_Q1
multi_comb_cap,128,1,0,0,0,0,1,0.012579,2096,/Users/free_1/Library/Mobile Documents/iCloud~md~obsidian/Documents/cpp-checker/_verify_cross/hunt_smoke/runs/multi_comb_cap/n128/seed1_L0_Q0
multi_comb_cap,128,1,0,1,0,0,1,0.012677,2096,/Users/free_1/Library/Mobile Documents/iCloud~md~obsidian/Documents/cpp-checker/_verify_cross/hunt_smoke/runs/multi_comb_cap/n128/seed1_L0_Q1
multi_comb_cap,128,1,1,0,0,0,1,0.012598,2112,/Users/free_1/Library/Mobile Documents/iCloud~md~obsidian/Documents/cpp-checker/_verify_cross/hunt_smoke/runs/multi_comb_cap/n128/seed1_L1_Q0
multi_comb_cap,128,1,1,1,0,0,1,0.012580,2112,/Users/free_1/Library/Mobile Documents/iCloud~md~obsidian/Documents/cpp-checker/_verify_cross/hunt_smoke/runs/multi_comb_cap/n128/seed1_L1_Q1
multi_comb_cap,256,1,0,0,0,0,1,0.012574,2400,/Users/free_1/Library/Mobile Documents/iCloud~md~obsidian/Documents/cpp-checker/_verify_cross/hunt_smoke/runs/multi_comb_cap/n256/seed1_L0_Q0
multi_comb_cap,256,1,0,1,0,0,1,0.012591,2400,/Users/free_1/Library/Mobile Documents/iCloud~md~obsidian/Documents/cpp-checker/_verify_cross/hunt_smoke/runs/multi_comb_cap/n256/seed1_L0_Q1
multi_comb_cap,256,1,1,0,0,0,1,0.012608,2400,/Users/free_1/Library/Mobile Documents/iCloud~md~obsidian/Documents/cpp-checker/_verify_cross/hunt_smoke/runs/multi_comb_cap/n256/seed1_L1_Q0
multi_comb_cap,256,1,1,1,0,0,1,0.012221,2400,/Users/free_1/Library/Mobile Documents/iCloud~md~obsidian/Documents/cpp-checker/_verify_cross/hunt_smoke/runs/multi_comb_cap/n256/seed1_L1_Q1
chain_unary,128,1,0,0,0,0,1,0.010774,1888,/Users/free_1/Library/Mobile Documents/iCloud~md~obsidian/Documents/cpp-checker/_verify_cross/hunt_smoke/runs/chain_unary/n128/seed1_L0_Q0
chain_unary,128,1,0,1,0,0,1,0.011609,1888,/Users/free_1/Library/Mobile Documents/iCloud~md~obsidian/Documents/cpp-checker/_verify_cross/hunt_smoke/runs/chain_unary/n128/seed1_L0_Q1
chain_unary,128,1,1,0,0,0,1,0.011815,1888,/Users/free_1/Library/Mobile Documents/iCloud~md~obsidian/Documents/cpp-checker/_verify_cross/hunt_smoke/runs/chain_unary/n128/seed1_L1_Q0
chain_unary,128,1,1,1,0,0,1,0.011805,1888,/Users/free_1/Library/Mobile Documents/iCloud~md~obsidian/Documents/cpp-checker/_verify_cross/hunt_smoke/runs/chain_unary/n128/seed1_L1_Q1
chain_unary,256,1,0,0,0,0,1,0.012604,3104,/Users/free_1/Library/Mobile Documents/iCloud~md~obsidian/Documents/cpp-checker/_verify_cross/hunt_smoke/runs/chain_unary/n256/seed1_L0_Q0
chain_unary,256,1,0,1,0,0,1,0.012573,3104,/Users/free_1/Library/Mobile Documents/iCloud~md~obsidian/Documents/cpp-checker/_verify_cross/hunt_smoke/runs/chain_unary/n256/seed1_L0_Q1
chain_unary,256,1,1,0,0,0,1,0.012570,3120,/Users/free_1/Library/Mobile Documents/iCloud~md~obsidian/Documents/cpp-checker/_verify_cross/hunt_smoke/runs/chain_unary/n256/seed1_L1_Q0
chain_unary,256,1,1,1,0,0,1,0.011213,3120,/Users/free_1/Library/Mobile Documents/iCloud~md~obsidian/Documents/cpp-checker/_verify_cross/hunt_smoke/runs/chain_unary/n256/seed1_L1_Q1
star_pairs,128,1,0,0,0,0,1,0.011226,1952,/Users/free_1/Library/Mobile Documents/iCloud~md~obsidian/Documents/cpp-checker/_verify_cross/hunt_smoke/runs/star_pairs/n128/seed1_L0_Q0
star_pairs,128,1,0,1,0,0,1,0.011001,1952,/Users/free_1/Library/Mobile Documents/iCloud~md~obsidian/Documents/cpp-checker/_verify_cross/hunt_smoke/runs/star_pairs/n128/seed1_L0_Q1
star_pairs,128,1,1,0,0,0,1,0.012553,1952,/Users/free_1/Library/Mobile Documents/iCloud~md~obsidian/Documents/cpp-checker/_verify_cross/hunt_smoke/runs/star_pairs/n128/seed1_L1_Q0
star_pairs,128,1,1,1,0,0,1,0.010187,1952,/Users/free_1/Library/Mobile Documents/iCloud~md~obsidian/Documents/cpp-checker/_verify_cross/hunt_smoke/runs/star_pairs/n128/seed1_L1_Q1
star_pairs,256,1,0,0,0,0,1,0.012572,3232,/Users/free_1/Library/Mobile Documents/iCloud~md~obsidian/Documents/cpp-checker/_verify_cross/hunt_smoke/runs/star_pairs/n256/seed1_L0_Q0
star_pairs,256,1,0,1,0,0,1,0.012960,3232,/Users/free_1/Library/Mobile Documents/iCloud~md~obsidian/Documents/cpp-checker/_verify_cross/hunt_smoke/runs/star_pairs/n256/seed1_L0_Q1
star_pairs,256,1,1,0,0,0,1,0.012590,3232,/Users/free_1/Library/Mobile Documents/iCloud~md~obsidian/Documents/cpp-checker/_verify_cross/hunt_smoke/runs/star_pairs/n256/seed1_L1_Q0
star_pairs,256,1,1,1,0,0,1,0.011693,3232,/Users/free_1/Library/Mobile Documents/iCloud~md~obsidian/Documents/cpp-checker/_verify_cross/hunt_smoke/runs/star_pairs/n256/seed1_L1_Q1
balanced_sibling,128,1,0,0,0,0,1,0.012583,2064,/Users/free_1/Library/Mobile Documents/iCloud~md~obsidian/Documents/cpp-checker/_verify_cross/hunt_smoke/runs/balanced_sibling/n128/seed1_L0_Q0
balanced_sibling,128,1,0,1,0,0,1,0.011758,2064,/Users/free_1/Library/Mobile Documents/iCloud~md~obsidian/Documents/cpp-checker/_verify_cross/hunt_smoke/runs/balanced_sibling/n128/seed1_L0_Q1
balanced_sibling,128,1,1,0,0,0,1,0.012561,2064,/Users/free_1/Library/Mobile Documents/iCloud~md~obsidian/Documents/cpp-checker/_verify_cross/hunt_smoke/runs/balanced_sibling/n128/seed1_L1_Q0
balanced_sibling,128,1,1,1,0,0,1,0.011548,2064,/Users/free_1/Library/Mobile Documents/iCloud~md~obsidian/Documents/cpp-checker/_verify_cross/hunt_smoke/runs/balanced_sibling/n128/seed1_L1_Q1
balanced_sibling,256,1,0,0,0,0,1,0.011483,2240,/Users/free_1/Library/Mobile Documents/iCloud~md~obsidian/Documents/cpp-checker/_verify_cross/hunt_smoke/runs/balanced_sibling/n256/seed1_L0_Q0
balanced_sibling,256,1,0,1,0,0,1,0.012575,2240,/Users/free_1/Library/Mobile Documents/iCloud~md~obsidian/Documents/cpp-checker/_verify_cross/hunt_smoke/runs/balanced_sibling/n256/seed1_L0_Q1
balanced_sibling,256,1,1,0,0,0,1,0.012604,2256,/Users/free_1/Library/Mobile Documents/iCloud~md~obsidian/Documents/cpp-checker/_verify_cross/hunt_smoke/runs/balanced_sibling/n256/seed1_L1_Q0
balanced_sibling,256,1,1,1,0,0,1,0.012554,2256,/Users/free_1/Library/Mobile Documents/iCloud~md~obsidian/Documents/cpp-checker/_verify_cross/hunt_smoke/runs/balanced_sibling/n256/seed1_L1_Q1
balanced_dense,128,1,0,0,0,0,1,0.012575,2064,/Users/free_1/Library/Mobile Documents/iCloud~md~obsidian/Documents/cpp-checker/_verify_cross/hunt_smoke/runs/balanced_dense/n128/seed1_L0_Q0
balanced_dense,128,1,0,1,0,0,1,0.012577,2064,/Users/free_1/Library/Mobile Documents/iCloud~md~obsidian/Documents/cpp-checker/_verify_cross/hunt_smoke/runs/balanced_dense/n128/seed1_L0_Q1
balanced_dense,128,1,1,0,0,0,1,0.012592,2064,/Users/free_1/Library/Mobile Documents/iCloud~md~obsidian/Documents/cpp-checker/_verify_cross/hunt_smoke/runs/balanced_dense/n128/seed1_L1_Q0
balanced_dense,128,1,1,1,0,0,1,0.012588,2064,/Users/free_1/Library/Mobile Documents/iCloud~md~obsidian/Documents/cpp-checker/_verify_cross/hunt_smoke/runs/balanced_dense/n128/seed1_L1_Q1
balanced_dense,256,1,0,0,0,0,1,0.012554,2240,/Users/free_1/Library/Mobile Documents/iCloud~md~obsidian/Documents/cpp-checker/_verify_cross/hunt_smoke/runs/balanced_dense/n256/seed1_L0_Q0
balanced_dense,256,1,0,1,0,0,1,0.012345,2240,/Users/free_1/Library/Mobile Documents/iCloud~md~obsidian/Documents/cpp-checker/_verify_cross/hunt_smoke/runs/balanced_dense/n256/seed1_L0_Q1
balanced_dense,256,1,1,0,0,0,1,0.011541,2256,/Users/free_1/Library/Mobile Documents/iCloud~md~obsidian/Documents/cpp-checker/_verify_cross/hunt_smoke/runs/balanced_dense/n256/seed1_L1_Q0
balanced_dense,256,1,1,1,0,0,1,0.012162,2256,/Users/free_1/Library/Mobile Documents/iCloud~md~obsidian/Documents/cpp-checker/_verify_cross/hunt_smoke/runs/balanced_dense/n256/seed1_L1_Q1
broom_mixed,128,1,0,0,0,0,1,0.010840,2080,/Users/free_1/Library/Mobile Documents/iCloud~md~obsidian/Documents/cpp-checker/_verify_cross/hunt_smoke/runs/broom_mixed/n128/seed1_L0_Q0
broom_mixed,128,1,0,1,0,0,1,0.010150,2080,/Users/free_1/Library/Mobile Documents/iCloud~md~obsidian/Documents/cpp-checker/_verify_cross/hunt_smoke/runs/broom_mixed/n128/seed1_L0_Q1
broom_mixed,128,1,1,0,0,0,1,0.012560,2080,/Users/free_1/Library/Mobile Documents/iCloud~md~obsidian/Documents/cpp-checker/_verify_cross/hunt_smoke/runs/broom_mixed/n128/seed1_L1_Q0
broom_mixed,128,1,1,1,0,0,1,0.011614,2080,/Users/free_1/Library/Mobile Documents/iCloud~md~obsidian/Documents/cpp-checker/_verify_cross/hunt_smoke/runs/broom_mixed/n128/seed1_L1_Q1
broom_mixed,256,1,0,0,0,0,1,0.023471,2496,/Users/free_1/Library/Mobile Documents/iCloud~md~obsidian/Documents/cpp-checker/_verify_cross/hunt_smoke/runs/broom_mixed/n256/seed1_L0_Q0
broom_mixed,256,1,0,1,0,0,1,0.036798,2496,/Users/free_1/Library/Mobile Documents/iCloud~md~obsidian/Documents/cpp-checker/_verify_cross/hunt_smoke/runs/broom_mixed/n256/seed1_L0_Q1
broom_mixed,256,1,1,0,0,0,1,0.023358,2496,/Users/free_1/Library/Mobile Documents/iCloud~md~obsidian/Documents/cpp-checker/_verify_cross/hunt_smoke/runs/broom_mixed/n256/seed1_L1_Q0
broom_mixed,256,1,1,1,0,0,1,0.035790,2496,/Users/free_1/Library/Mobile Documents/iCloud~md~obsidian/Documents/cpp-checker/_verify_cross/hunt_smoke/runs/broom_mixed/n256/seed1_L1_Q1
caterpillar_mixed,128,1,0,0,0,0,1,0.010471,2176,/Users/free_1/Library/Mobile Documents/iCloud~md~obsidian/Documents/cpp-checker/_verify_cross/hunt_smoke/runs/caterpillar_mixed/n128/seed1_L0_Q0
caterpillar_mixed,128,1,0,1,0,0,1,0.010424,2176,/Users/free_1/Library/Mobile Documents/iCloud~md~obsidian/Documents/cpp-checker/_verify_cross/hunt_smoke/runs/caterpillar_mixed/n128/seed1_L0_Q1
caterpillar_mixed,128,1,1,0,0,0,1,0.012546,2176,/Users/free_1/Library/Mobile Documents/iCloud~md~obsidian/Documents/cpp-checker/_verify_cross/hunt_smoke/runs/caterpillar_mixed/n128/seed1_L1_Q0
caterpillar_mixed,128,1,1,1,0,0,1,0.010729,2176,/Users/free_1/Library/Mobile Documents/iCloud~md~obsidian/Documents/cpp-checker/_verify_cross/hunt_smoke/runs/caterpillar_mixed/n128/seed1_L1_Q1
caterpillar_mixed,256,1,0,0,0,0,1,0.021452,2592,/Users/free_1/Library/Mobile Documents/iCloud~md~obsidian/Documents/cpp-checker/_verify_cross/hunt_smoke/runs/caterpillar_mixed/n256/seed1_L0_Q0
caterpillar_mixed,256,1,0,1,0,0,1,0.023715,2592,/Users/free_1/Library/Mobile Documents/iCloud~md~obsidian/Documents/cpp-checker/_verify_cross/hunt_smoke/runs/caterpillar_mixed/n256/seed1_L0_Q1
caterpillar_mixed,256,1,1,0,0,0,1,0.023679,2592,/Users/free_1/Library/Mobile Documents/iCloud~md~obsidian/Documents/cpp-checker/_verify_cross/hunt_smoke/runs/caterpillar_mixed/n256/seed1_L1_Q0
caterpillar_mixed,256,1,1,1,0,0,1,0.023294,2592,/Users/free_1/Library/Mobile Documents/iCloud~md~obsidian/Documents/cpp-checker/_verify_cross/hunt_smoke/runs/caterpillar_mixed/n256/seed1_L1_Q1
caterpillar_rect_dense,128,1,0,0,0,0,1,0.012557,2176,/Users/free_1/Library/Mobile Documents/iCloud~md~obsidian/Documents/cpp-checker/_verify_cross/hunt_smoke/runs/caterpillar_rect_dense/n128/seed1_L0_Q0
caterpillar_rect_dense,128,1,0,1,0,0,1,0.011446,2176,/Users/free_1/Library/Mobile Documents/iCloud~md~obsidian/Documents/cpp-checker/_verify_cross/hunt_smoke/runs/caterpillar_rect_dense/n128/seed1_L0_Q1
caterpillar_rect_dense,128,1,1,0,0,0,1,0.012425,2176,/Users/free_1/Library/Mobile Documents/iCloud~md~obsidian/Documents/cpp-checker/_verify_cross/hunt_smoke/runs/caterpillar_rect_dense/n128/seed1_L1_Q0
caterpillar_rect_dense,128,1,1,1,0,0,1,0.012565,2176,/Users/free_1/Library/Mobile Documents/iCloud~md~obsidian/Documents/cpp-checker/_verify_cross/hunt_smoke/runs/caterpillar_rect_dense/n128/seed1_L1_Q1
caterpillar_rect_dense,256,1,0,0,0,0,1,0.025085,2592,/Users/free_1/Library/Mobile Documents/iCloud~md~obsidian/Documents/cpp-checker/_verify_cross/hunt_smoke/runs/caterpillar_rect_dense/n256/seed1_L0_Q0
caterpillar_rect_dense,256,1,0,1,0,0,1,0.025161,2576,/Users/free_1/Library/Mobile Documents/iCloud~md~obsidian/Documents/cpp-checker/_verify_cross/hunt_smoke/runs/caterpillar_rect_dense/n256/seed1_L0_Q1
caterpillar_rect_dense,256,1,1,0,0,0,1,0.025099,2576,/Users/free_1/Library/Mobile Documents/iCloud~md~obsidian/Documents/cpp-checker/_verify_cross/hunt_smoke/runs/caterpillar_rect_dense/n256/seed1_L1_Q0
caterpillar_rect_dense,256,1,1,1,0,0,1,0.023635,2576,/Users/free_1/Library/Mobile Documents/iCloud~md~obsidian/Documents/cpp-checker/_verify_cross/hunt_smoke/runs/caterpillar_rect_dense/n256/seed1_L1_Q1
random_recursive_mixed,128,1,0,0,0,0,1,0.012564,2064,/Users/free_1/Library/Mobile Documents/iCloud~md~obsidian/Documents/cpp-checker/_verify_cross/hunt_smoke/runs/random_recursive_mixed/n128/seed1_L0_Q0
random_recursive_mixed,128,1,0,1,0,0,1,0.012582,2064,/Users/free_1/Library/Mobile Documents/iCloud~md~obsidian/Documents/cpp-checker/_verify_cross/hunt_smoke/runs/random_recursive_mixed/n128/seed1_L0_Q1
random_recursive_mixed,128,1,1,0,0,0,1,0.012555,2064,/Users/free_1/Library/Mobile Documents/iCloud~md~obsidian/Documents/cpp-checker/_verify_cross/hunt_smoke/runs/random_recursive_mixed/n128/seed1_L1_Q0
random_recursive_mixed,128,1,1,1,0,0,1,0.012553,2064,/Users/free_1/Library/Mobile Documents/iCloud~md~obsidian/Documents/cpp-checker/_verify_cross/hunt_smoke/runs/random_recursive_mixed/n128/seed1_L1_Q1
random_recursive_mixed,256,1,0,0,0,0,1,0.012586,2272,/Users/free_1/Library/Mobile Documents/iCloud~md~obsidian/Documents/cpp-checker/_verify_cross/hunt_smoke/runs/random_recursive_mixed/n256/seed1_L0_Q0
random_recursive_mixed,256,1,0,1,0,0,1,0.010245,2272,/Users/free_1/Library/Mobile Documents/iCloud~md~obsidian/Documents/cpp-checker/_verify_cross/hunt_smoke/runs/random_recursive_mixed/n256/seed1_L0_Q1
random_recursive_mixed,256,1,1,0,0,0,1,0.012576,2288,/Users/free_1/Library/Mobile Documents/iCloud~md~obsidian/Documents/cpp-checker/_verify_cross/hunt_smoke/runs/random_recursive_mixed/n256/seed1_L1_Q0
random_recursive_mixed,256,1,1,1,0,0,1,0.010803,2288,/Users/free_1/Library/Mobile Documents/iCloud~md~obsidian/Documents/cpp-checker/_verify_cross/hunt_smoke/runs/random_recursive_mixed/n256/seed1_L1_Q1
